n,m,trial,boruvka_ms,kruskal_ms,prim_ms,boruvka_phases,mst_weight
100,200,1,0.05834,0.043309,0.211669,4,26262366
100,200,2,0.226376,0.07149,0.229134,4,31692495
100,200,3,0.228369,0.057636,0.138683,3,32317485
100,200,4,0.110643,0.058315,0.136215,4,28906381
100,200,5,0.055896,0.071674,0.217632,3,31577239
100,500,1,0.140478,0.105674,0.379563,4,10145833
100,500,2,0.102159,0.078925,0.23905,4,13095635
100,500,3,0.117522,0.258179,0.399766,4,9598133
100,500,4,0.087821,0.152625,0.438711,4,12109832
100,500,5,0.342988,0.086356,0.473847,4,12494424
100,1000,1,0.198834,0.338296,0.546907,4,5673001
100,1000,2,0.220579,0.218661,0.355426,4,5657383
100,1000,3,0.150434,0.167307,0.319014,4,5601341
100,1000,4,0.288179,0.240241,0.796029,4,6128248
100,1000,5,0.233059,0.352663,0.856361,4,6003337
500,1000,1,0.765155,0.920476,1.796628,5,144008192
500,1000,2,0.42854,0.370696,12.183804,4,145900890
500,1000,3,0.265986,0.266066,0.940701,4,138526579
500,1000,4,0.584572,0.795066,7.390138,5,137016307
500,1000,5,1.483781,0.323161,1.770511,5,135108809
500,2500,1,2.291501,8.197524,1.948904,5,62100944
500,2500,2,0.597936,0.640911,1.948646,4,59211218
500,2500,3,1.214215,0.692672,2.108339,5,64300892
500,2500,4,0.651071,0.738302,2.688153,5,59947718
500,2500,5,0.992,1.858949,2.50828,5,60451227
500,5000,1,1.484968,1.415156,2.592565,5,31205436
500,5000,2,1.722136,2.13242,12.466321,5,29031822
500,5000,3,2.273525,2.498315,3.094809,4,32550946
500,5000,4,2.963216,14.986201,4.976888,5,31788888
500,5000,5,50.094641,5.937957,4.734131,5,31701496
1000,2000,1,1.631308,1.131598,3.143287,6,289679040
1000,2000,2,1.097774,0.591584,1.69379,5,295254995
1000,2000,3,1.213646,0.647899,2.229418,5,278174322
1000,2000,4,2.855562,1.473417,2.70437,5,294238371
1000,2000,5,0.709446,1.271378,2.10046,5,284612472
1000,5000,1,1.146376,1.55261,4.786052,5,118105535
1000,5000,2,1.944672,1.462681,3.200828,5,119578699
1000,5000,3,1.336538,1.466902,5.007037,5,123595870
1000,5000,4,2.196042,1.59167,4.328615,5,125669293
1000,5000,5,1.644172,3.566591,4.490937,5,113618814
1000,10000,1,3.7393,3.219372,11.089766,5,57756602
1000,10000,2,11.777483,4.758613,12.993477,5,60439888
1000,10000,3,23.541035,257.296506,151.099658,5,59435607
1000,10000,4,3.666026,4.754076,10.575066,5,61144939
1000,10000,5,18.998681,3.985118,7.993656,5,60950510
2000,4000,1,2.370887,1.613835,5.966466,6,577837598
2000,4000,2,1.428438,1.290954,5.949619,5,560787317
2000,4000,3,1.711852,1.139197,9.818248,5,573075117
2000,4000,4,2.264875,2.647113,10.251075,6,592845437
2000,4000,5,1.387048,1.217515,5.307792,5,572904636
2000,10000,1,3.822195,3.41017,9.110335,5,240007703
2000,10000,2,2.994868,3.153677,13.126075,5,242778135
2000,10000,3,5.068225,3.283512,10.261001,5,233041331
2000,10000,4,3.875934,4.298796,16.523286,5,238772565
2000,10000,5,3.830948,4.05801,10.520097,5,242877742
2000,20000,1,6.417011,6.2626,13.473026,5,121757118
2000,20000,2,6.189176,7.847586,17.262115,6,117367753
2000,20000,3,7.099611,7.973,20.254107,6,119068081
2000,20000,4,9.185147,8.894877,17.12808,6,121152780
2000,20000,5,7.147035,6.656412,17.079653,6,119681701
